Tipologia,N_Entidades,Recaudo_Medio_MM,CV_Medio,Tendencia_Media,Pct_Recaudo_Total
Consolidados,38,3364.674386192083,45.670050670817446,10.382679527546887,88.91542666210812
Emergentes,280,21.713329576086956,133.03099209862097,-6.474397934187079,6.068135992707792
Dependientes,230,20.995348467391306,92.98381224564639,2.091942216724116,3.4070489723196604
Criticos,552,5.23798806521739,136.6669370416817,-21.446310512984333,1.609388372864438
